Date,bitumen_kbpd,sco_kbpd
2016-01-01,1285.8307278303225,1054.9768458858066
2016-02-01,1282.5534219800002,1076.82653339
2016-03-01,1252.858326427742,987.0675933896774
2016-04-01,876.0633965696667,614.5569980476666
2016-05-01,532.1852878361291,349.76902980451615
2016-06-01,753.5234312066666,586.943683846
2016-07-01,1167.1596651777418,903.5251195870968
2016-08-01,1279.206340517742,1059.5280306635484
2016-09-01,1261.2681337963334,1062.5027996846668
2016-10-01,1321.0177510441936,1108.3245795406453
2016-11-01,1454.7659616933333,1225.1478515696667
2016-12-01,1295.2605732999998,1123.9182359132258
2017-01-01,1389.31210223,1152.824173702258
2017-02-01,1428.6528420553573,1152.4374083578573
2017-03-01,1182.3335274570968,964.0789465309678
2017-04-01,968.266560001,736.7378152596667
2017-05-01,1171.0402750506453,897.4528152748387
2017-06-01,1178.1466173636666,967.5365227203333
2017-07-01,1329.9496870383869,1049.248046358387
2017-08-01,1473.7227727096774,1180.6500902451614
2017-09-01,1228.352090444,1008.6343509206666
2017-10-01,1092.8421107770969,900.1898971103226
2017-11-01,1417.6059738736667,1082.2400138043336
2017-12-01,1446.5388225809677,1227.5286528664517
2018-01-01,1290.0315093219356,1041.639405229355
2018-02-01,1432.1935558132143,1126.3710879014286
2018-03-01,1498.1958147283872,1101.998045166129
2018-04-01,1133.3533161280002,832.055063622
2018-05-01,1374.9482051609677,960.5925657170968
2018-06-01,1408.2609934963332,1052.9697539883332
2018-07-01,1422.6493126125806,1011.9198500822581
2018-08-01,1647.40187596,1134.5384786496775
2018-09-01,1321.645068288,889.637645191
2018-10-01,1618.1502015180647,1108.721040467742
2018-11-01,1804.5062342160002,1242.940046777
2018-12-01,1698.2809606383871,1172.6855676083871
2019-01-01,1541.4264904467743,1212.457050723871
2019-02-01,1508.12661313,1170.1261511664286
2019-03-01,1499.1392862283872,1166.245005065484
2019-04-01,1592.640274176,1062.2952359546669
2019-05-01,1539.2899840177422,1044.3610668854838
2019-06-01,1617.1684365726667,1146.6051071566667
2019-07-01,1658.296638468387,1245.6936241464516
2019-08-01,1684.0221642654838,1213.2428711796776
2019-09-01,1477.5891662593333,968.0271279003334
2019-10-01,1354.7222051719355,901.7757408187097
2019-11-01,1495.891045737,1024.189889692
2019-12-01,1635.9456971848388,1172.4605547280644
2020-01-01,1555.9380966022584,1187.498273055484
2020-02-01,1616.70651871,1188.74068894
2020-03-01,1639.4754979774195,1161.1721718519352
2020-04-01,1466.7222615223334,1129.9664631033334
2020-05-01,1347.6279081832258,1128.1742054151614
2020-06-01,1436.09570901,1108.706066662
2020-07-01,1299.2436462067742,982.1566720593548
2020-08-01,1181.4026355770968,887.3229748212904
2020-09-01,1239.559902883,987.9226355716667
2020-10-01,1453.0122544535484,1018.8775973248386
2020-11-01,1725.9532164466668,1266.251340599
2020-12-01,1844.783215158387,1351.335041038387
2021-01-01,1767.085192228387,1330.4717412683872
2021-02-01,1626.750408005357,1287.6705697185714
2021-03-01,1610.2418813770967,1186.7733217287096
2021-04-01,1222.881842687,830.571926424
2021-05-01,1348.9992896603226,1062.9843827070968
2021-06-01,1656.986288438,1191.4979970506668
2021-07-01,1680.815172753871,1252.160766209032
2021-08-01,1565.45194147,1098.0289721590325
2021-09-01,1526.2138004263334,1092.1114512786667
2021-10-01,1782.6636313187098,1315.2739371316131
2021-11-01,1722.969540243,1300.1005820950002
2021-12-01,1583.9058382158066,1229.7974482025807
2022-01-01,1487.5244419235485,1168.7662043899998
2022-02-01,1656.5645566775,1245.6984429525003
2022-03-01,1605.6462621351614,1218.1712416603225
2022-04-01,1503.696699947,1130.9722037223332
2022-05-01,1479.3162398735485,1036.890598679355
2022-06-01,1658.1387912903333,1138.5593918650002
2022-07-01,1651.1970661551613,1173.9494136241938
2022-08-01,1666.2457409258063,1133.6264561996775
2022-09-01,1694.2026748873334,1109.4543443916668
2022-10-01,1627.356048592903,1097.1863405161291
2022-11-01,1755.6920671076668,1328.949424641
2022-12-01,1625.7229298609677,1232.727485177097
2023-01-01,1547.233202459355,1154.2639315009678
2023-02-01,1659.3460005139284,1291.2935002785714
2023-03-01,1680.5104213145162,1289.6336281151614
2023-04-01,1461.2299994303332,1122.2610265326666
2023-05-01,1375.358463090645,1076.5411551251614
2023-06-01,1506.0950045,1146.4742791086667
2023-07-01,1754.516528671613,1364.9045959735486
2023-08-01,1696.2172942670968,1316.1064239196776
2023-09-01,1664.0367461273333,1078.9896496566666
2023-10-01,1570.5470933641936,1059.8575355487098
2023-11-01,1944.3532407750001,1360.9744115766666
2023-12-01,1910.8225680106452,1403.750868327742
2024-01-01,1631.7292926167743,1275.6810034612904
2024-02-01,1692.66183049,1295.10397872
2024-03-01,1771.5400008851614,1294.6748093816127
2024-04-01,1665.392619503,1228.849404754667
2024-05-01,1391.6815345261293,1022.8006126909678
2024-06-01,1601.709341554667,1188.1667040143334
2024-07-01,1769.9076937416128,1326.5085522770967
2024-08-01,1862.5042475906453,1376.0554146180646
2024-09-01,1722.79153862,1205.576688434
2024-10-01,1752.505412648387,1251.0403684406451
2024-11-01,1837.665483555,1370.5718229953334
2024-12-01,1871.0015780035483,1421.3637566074194
2025-01-01,1814.5036640241938,1428.7135010409677
2025-02-01,1656.6108317082144,1344.9617533757144
2025-03-01,1788.4955025712904,1368.0693848890323
2025-04-01,1635.8395278973333,1184.124662448
2025-05-01,1343.0404048251612,933.4443254774193
2025-06-01,1771.3379694826667,1194.731588371667
2025-07-01,1894.288483594516,1362.4416281158062
2025-08-01,1838.6514619967743,1359.035594552258
2025-09-01,1861.488767911,1308.4144529530001
2025-10-01,1729.291550012258,1358.6669305274193
2025-11-01,1905.8788923256668,1478.526138289
2025-12-01,1960.0068532396774,1393.310798213226
2026-01-01,1769.96511362,1327.246083223871
2026-02-01,1671.5583405371426,1298.0943573410714
