date,wti,brent,cpi,production_us,inventory_us,refinery_util,spr_stocks,net_exports,dxy,egress_cost,wcs,gpr,ovx,cot_mm_net_pct,rig_count,opec_production,apportionment_pct,canadian_production,aer_mining_bitumen_kbpd,aer_mining_sco_kbpd,aer_insitu_bitumen_kbpd,aer_conventional_kbpd,aer_condensate_kbpd,wcsb_total_raw
2003-01-01,32.95,31.18,182.6,5755.0,,87.2,599247.0,-8623.0,,12.5,18.02,206.43460083007812,,,,,,2.2274449078064515,,,,,,1.8703257277741931
2003-02-01,35.83,32.77,183.6,5783.0,,87.4,599247.0,-8469.0,,12.5,20.5,239.61093139648438,,,,,,2.1687489516071428,,,,,,1.857043938892857
2003-03-01,33.51,30.61,183.9,5803.0,,90.5,599247.0,-9216.0,,12.5,18.15,358.711181640625,,,,,,2.1925668968709675,,,,,,1.801726219354839
2003-04-01,28.17,25.0,183.2,5726.0,,94.1,599585.0,-9916.0,,12.5,13.52,255.77517700195312,,,,,,2.1825431039666667,,,,,,1.8277558879
2003-05-01,28.11,25.86,182.9,5663.0,,95.8,603116.0,-10138.0,,12.5,13.239999999999998,162.1218719482422,,,,,,2.2493983736774195,,,,,,1.8779546586129037
2003-06-01,30.66,27.65,183.1,5659.0,,94.7,608541.0,-9993.0,,12.5,15.420000000000002,145.7697296142578,,,,,,2.372159909433333,,,,,,1.9524618541666667
2003-07-01,30.76,28.35,183.7,5498.0,,94.0,612407.0,-10027.0,,12.5,16.05,134.89891052246094,,,,,,2.458564990741935,,,,,,2.0681301074193548
2003-08-01,31.57,29.89,184.5,5574.0,,95.0,618300.0,-10019.0,,12.5,16.65,138.23092651367188,,,,,,2.381504673387097,,,,,,2.0720257316774195
2003-09-01,28.31,27.11,185.1,5609.0,,93.1,624363.0,-10284.0,,12.5,13.89,118.19628143310547,,,,,,2.3613204702000004,,,,,,2.011460271966667
2003-10-01,30.34,29.61,184.9,5614.0,,92.4,630871.0,-10049.0,,12.5,15.25,108.3173828125,,,,,,2.385664063870968,,,,,,2.016066712387097
2003-11-01,31.11,28.75,185.0,5547.0,,93.6,633599.0,-9330.0,,12.5,15.780000000000001,118.0866928100586,,,,,,2.402665487933333,,,,,,2.030832886766667
2003-12-01,32.13,29.81,185.5,5571.0,,93.0,638388.0,-9680.0,,12.5,16.78,129.46507263183594,,,,,,2.4678373880645164,,,,,,2.1193819140645163
2004-01-01,34.31,31.28,186.3,5585.0,,89.1,641156.0,-9341.0,,12.5,18.43,113.46759033203125,,,,,,2.3776293388387097,,,,,,2.039115822580645
2004-02-01,34.69,30.86,186.7,5572.0,,88.8,646863.0,-9309.0,,12.5,19.22,115.07597351074219,,,,,,2.452657187,,,,,,2.062320254
2004-03-01,36.74,33.63,187.1,5617.0,,88.5,652139.0,-10069.0,,12.5,20.6,138.53207397460938,,,,,,2.411269677483871,,,,,,2.059689588193548
2004-04-01,36.75,33.59,187.4,5560.0,,92.5,658212.0,-10060.0,,12.5,20.97,149.6313934326172,,,,,,2.3626203642666663,,,,,,2.0263880877
2004-05-01,40.28,37.57,188.2,5556.0,,95.6,661339.0,-10426.0,,12.5,23.82,121.0911865234375,,,,,,2.4214956911612906,,,,,,2.055307010903226
2004-06-01,38.03,35.18,188.9,5407.0,,97.5,662378.0,-10488.0,,12.5,22.090000000000003,137.23391723632812,,,,,,2.4429622040000005,,,,,,2.048989471633333
2004-07-01,40.78,38.22,189.1,5484.0,,96.8,665666.0,-10280.0,,12.5,24.18,131.0198516845703,,,,,,2.399075561967742,,,,,,2.0309796490000003
2004-08-01,44.9,42.74,189.2,5325.0,,97.1,669001.0,-10447.0,,12.5,27.799999999999997,140.36582946777344,,,,,,2.398304553,,,,,,2.105787808580645
2004-09-01,45.94,43.2,189.8,5081.0,,90.1,670270.0,-9662.0,,12.5,28.85,153.87161254882812,,,,,,2.3758289652666664,,,,,,2.0807320461000005
2004-10-01,53.28,49.78,190.8,5170.0,,90.2,670322.0,-10337.0,,12.5,33.63,119.86279296875,,,,,,2.360870038645161,,,,,,2.028037641096774
2004-11-01,48.47,43.11,191.7,5423.0,,94.4,672764.0,-10196.0,,12.5,29.270000000000003,122.70738983154297,,,,,,2.4201930918,,,,,,2.0977983972333334
2004-12-01,43.15,39.6,191.7,5510.0,,95.0,675600.0,-10071.0,,12.5,24.1,109.89522552490234,,,,,,2.305641448903226,,,,,,2.039907121258065
2005-01-01,46.84,44.51,191.6,5446.0,270314.0,91.3,679670.0,-9957.0,,12.5,26.509999999999998,100.88758850097656,,,,,,2.2975864341612904,,,,,,1.9261630088064516
2005-02-01,48.15,45.48,192.4,5501.0,286010.0,90.6,682013.0,-10200.0,,12.5,28.549999999999997,108.97796630859375,,,,,,2.274664859285714,,,,,,1.93270136775
2005-03-01,54.19,53.1,193.1,5601.0,303506.0,90.8,688150.0,-10206.0,,12.5,34.28,90.41048431396484,,,,,,2.183193051,,,,,,1.887145897096774
2005-04-01,52.98,51.88,193.7,5563.0,321717.0,92.8,691880.0,-10179.0,,12.5,34.21,87.03240203857422,,,,,,2.2670991164000003,,,,,,1.9363180085
2005-05-01,49.83,48.65,193.6,5596.0,320029.0,94.2,693938.0,-10377.0,,12.5,32.34,98.20596313476562,,,,,,2.325849999741936,,,,,,1.9771916286451607
2005-06-01,56.35,54.35,193.7,5442.0,311882.0,97.1,696398.0,-10744.0,,12.5,37.8,81.12405395507812,,,,,,2.279343279866666,,,,,,1.961057927833333
2005-07-01,59.0,57.52,194.9,5253.0,302400.0,94.2,698811.0,-10343.0,,12.5,41.33,165.90191650390625,,,,,,2.29523282783871,,,,,,1.968588791741936
2005-08-01,64.99,63.98,196.1,5198.0,293574.0,92.7,700726.0,-10387.0,,12.5,46.8,116.2276611328125,,,,,,2.338936862483872,,,,,,2.029336182516129
2005-09-01,65.59,62.91,198.8,4214.0,290327.0,83.6,693659.0,-9131.0,,12.5,47.68,103.80766296386719,,,,,,2.2463427434,,,,,,2.0306651585
2005-10-01,62.26,58.54,199.1,4555.0,306035.0,81.3,685238.0,-9427.0,,12.5,44.68,87.06182861328125,,,,,,2.451362143806452,,,,,,2.1632279766774194
2005-11-01,58.32,55.24,198.1,4857.0,306323.0,89.3,685630.0,-10214.0,,12.5,39.63,83.48009490966797,,,,,,2.5654248047,,,,,,2.199525590966667
2005-12-01,59.41,56.86,198.1,4988.0,307651.0,89.4,684544.0,-9972.0,,12.5,40.01,95.35025024414062,,,,,,2.626868132516129,,,,,,2.2311376349677423
2006-01-01,65.49,62.99,199.3,5048.0,307204.0,87.0,683458.0,-9739.0,100.00000454545456,12.5,44.83,94.51001739501953,,,,,,2.5408397634838717,,,,,,2.212613130032258
2006-02-01,61.63,60.21,199.4,5032.0,326383.0,86.5,684769.0,-9968.0,100.21117000000001,12.5,42.32,95.85819244384766,,,,,,2.4500157766428567,,,,,,2.1200478513214285
2006-03-01,62.69,62.06,199.7,5027.0,326417.0,85.8,686054.0,-9721.0,100.42808695652174,12.5,43.88,92.79762268066406,,,,,,2.357299049741936,,,,,,1.9979074222258064
2006-04-01,69.44,70.26,200.7,5082.0,331258.0,88.0,687887.0,-9833.0,99.74348,12.5,50.48,89.01580047607422,,,,,,2.477598091066667,,,,,,2.1574677281000003
2006-05-01,70.84,69.78,201.3,5151.0,324286.0,91.2,688600.0,-10276.0,97.51177391304348,12.5,52.84,85.20877838134766,,,,,,2.2952531175483872,,,,,,2.0116435556774195
2006-06-01,70.95,68.56,201.8,5163.0,320523.0,93.0,687847.0,-10679.0,98.69272272727272,12.5,52.629999999999995,102.57276916503906,,,,,,2.2879183875000004,,,,,,1.991395778066667
2006-07-01,74.41,73.67,202.9,5094.0,315387.0,92.5,687845.0,-10216.0,98.4387142857143,12.5,56.36,137.13482666015625,,,,,,2.457083841935484,,,,,,2.1372165688709672
2006-08-01,73.04,73.23,203.8,5040.0,316622.0,93.2,687840.0,-10549.0,97.7137652173913,12.5,55.269999999999996,147.08111572265625,,,,,,2.487863331516129,,,,,,2.224117395419355
2006-09-01,63.8,61.96,202.8,5031.0,316599.0,93.0,687837.0,-10689.0,97.98136190476191,12.5,46.42,111.72425842285156,,,,,,2.495586947666667,,,,,,2.1985401874000003
2006-10-01,58.89,57.81,201.9,5108.0,322917.0,87.9,688605.0,-10069.0,98.31565454545454,12.5,41.54,113.13529968261719,,,,,,2.598077034483871,,,,,,2.3012791613225803
2006-11-01,59.08,58.76,202.0,5064.0,318184.0,88.0,688605.0,-9864.0,97.51328181818181,12.5,41.11,88.77892303466797,,,,,,2.6336902092333334,,,,,,2.2691537876666668
2006-12-01,61.96,62.47,203.1,5186.0,295819.0,90.6,688605.0,-9528.0,96.79507142857143,12.5,43.48,90.60655975341797,,,,,,2.649146233741936,,,,,,2.215636296774194
2007-01-01,54.51,53.68,203.437,5108.0,307333.0,88.2,688605.0,-10202.0,97.83377727272727,12.5,38.27,97.9200439453125,,,,,,2.523208005774193,,,,,,2.149167207870968
2007-02-01,59.28,57.56,204.226,5118.0,300287.0,84.7,688604.0,-8984.0,97.47642499999999,12.5,41.95,96.16935729980469,,,,,,2.574127206107143,,,,,,2.231399951928572
2007-03-01,60.44,62.05,205.288,5119.0,313541.0,87.1,688602.0,-10346.0,97.01175454545455,12.5,44.34,87.33650207519531,,,,,,2.6606910785483877,,,,,,2.2550186232580645
2007-04-01,63.98,67.49,205.904,5180.0,324791.0,88.1,689392.0,-10142.0,95.6322,12.5,48.18,76.6133804321289,,,,,,2.5808348392,,,,,,2.1329374691
2007-05-01,63.46,67.21,206.755,5211.0,336088.0,89.7,690270.0,-10292.0,94.72254782608697,12.5,49.21,92.5995864868164,,,,,,2.537309354,,,,,,2.0910980587741936
2007-06-01,67.49,71.05,207.234,5075.0,336953.0,88.5,690270.0,-9963.0,94.44490952380953,12.5,52.64,97.9723129272461,,,,,,2.442375155066667,,,,,,2.0455720082
2007-07-01,74.12,76.93,207.603,5038.0,319480.0,91.2,690270.0,-9912.0,93.20591363636363,12.5,58.739999999999995,112.34625244140625,,,,,,2.5586744182903227,,,,,,2.177288745483871
2007-08-01,72.36,70.76,207.667,4970.0,303470.0,90.8,690437.0,-10274.0,93.76029565217392,12.5,56.959999999999994,83.17320251464844,,,,,,2.752177379483871,,,,,,2.325464495258065
2007-09-01,79.92,77.17,208.547,4902.0,294041.0,88.9,692803.0,-10273.0,92.436595,12.5,61.040000000000006,94.4888687133789,,,,,,2.6336063451,,,,,,2.2510181688333333
2007-10-01,85.8,82.34,209.19,5022.0,290033.0,87.4,694129.0,-9773.0,90.40017826086957,12.5,67.37,101.47301483154297,,,,,,2.635491259129032,,,,,,2.27636339783871
2007-11-01,94.77,92.41,210.834,5034.0,282180.0,88.9,695503.0,-9984.0,89.05299545454545,12.5,74.28,89.79544830322266,,,,,,2.6158271488333336,,,,,,2.245860524633333
2007-12-01,91.69,90.93,211.445,5111.0,268393.0,88.7,696941.0,-9815.0,90.00495714285714,12.5,72.79,94.96749114990234,,,,,,2.417417459516129,,,,,,2.099274811774194
2008-01-01,92.97,92.18,212.174,5115.0,278727.0,85.8,698349.0,-10070.0,89.39711739130435,12.5,73.98,81.49982452392578,,,,,,2.505758855451613,,,,,,2.186439404548388
2008-02-01,95.39,94.99,212.687,5148.0,284627.0,85.0,698822.0,-9616.0,88.6434380952381,12.5,76.59,80.75146484375,,,,,,2.510566817,,,,,,2.141116391
2008-03-01,105.45,103.64,213.448,5189.0,297218.0,83.2,700372.0,-9607.0,86.83986666666667,12.5,85.46,77.63613891601562,,,,,,2.599720500967742,,,,,,2.2020421912903227
2008-04-01,112.58,109.07,213.942,5180.0,302239.0,86.2,701468.0,-9965.0,86.54753636363635,12.5,93.59,71.9048080444336,,,,,,2.483741138833333,,,,,,2.111153760466667
2008-05-01,125.4,122.8,215.208,5143.0,286150.0,88.8,704253.0,-9645.0,86.82446363636363,12.5,105.14,72.57379913330078,,,,,,2.4080639033548388,,,,,,2.023452166709678
2008-06-01,133.88,132.32,217.463,5138.0,278254.0,89.5,705955.0,-9996.0,87.07280476190476,12.5,114.82,87.54842376708984,,,,,,2.445058807333333,,,,,,2.1282830097
2008-07-01,133.37,132.72,219.016,5177.0,277848.0,88.8,707215.0,-10103.0,86.45375652173914,12.5,116.53,89.73957061767578,,,,,,2.6191986222580645,,,,,,2.2376303420645165
2008-08-01,116.67,113.24,218.69,5003.0,285014.0,87.1,707212.0,-10284.0,88.94499523809525,12.5,101.24,88.55410766601562,,,,,,2.6533462036451616,,,,,,2.277864836354839
2008-09-01,104.11,97.23,218.877,3974.0,286462.0,74.6,702435.0,-8408.0,91.26510909090909,12.5,86.41,88.54255676269531,,,,,,2.532633928566667,,,,,,2.201286737766667
2008-10-01,76.61,71.58,216.995,4738.0,295160.0,85.3,701831.0,-10043.0,98.04,12.5,61.72,64.15979766845703,,,,,,2.572593159129032,,,,,,2.2250101426451616
2008-11-01,57.31,52.45,213.153,5078.0,304011.0,85.8,701828.0,-9913.0,100.76666,12.5,40.83,79.08097076416016,,,,,,2.662832995566667,,,,,,2.3018398336333337
2008-12-01,41.12,39.95,211.398,5103.0,308245.0,83.9,701823.0,-9373.0,99.66224782608695,12.5,25.17,92.3664321899414,,,,,,2.6076740671612906,,,,,,2.2454824597096774
2009-01-01,41.71,43.44,211.933,5144.0,333154.0,82.3,703786.0,-9743.0,100.35208421052631,12.5,24.950000000000003,85.36947631835938,,,,,,2.567642469967742,,,,,,2.2126739991612903
2009-02-01,39.09,43.32,212.705,5239.0,339285.0,81.5,705541.0,-9044.0,102.97372631578948,12.5,25.65,67.45267486572266,,,,,,2.652435340607143,,,,,,2.2935792165
2009-03-01,47.94,46.54,212.495,5219.0,348428.0,81.5,712800.0,-9348.0,103.43974545454545,12.5,33.07,72.64462280273438,,,,,,2.5494831798064514,,,,,,2.2141145685483874
2009-04-01,49.65,50.18,212.709,5278.0,352171.0,82.7,718786.0,-9347.0,100.71618636363637,12.5,36.28,85.6884994506836,,,,,,2.4359176168,,,,,,2.1150534426666665
2009-05-01,59.03,57.3,213.022,5377.0,341106.0,84.0,721698.0,-8744.0,97.55188000000001,12.5,43.46,89.68086242675781,,,,,,2.4094638933225805,,,,,,2.167975768741935
2009-06-01,69.64,68.61,214.79,5269.0,328657.0,86.0,724098.0,-9078.0,96.04261818181818,12.5,53.22,81.10958862304688,,,,,,2.535024056366667,,,,,,2.2718584059666664
2009-07-01,64.15,64.44,214.726,5398.0,327214.0,84.2,724094.0,-9063.0,95.66055909090909,12.5,51.08,83.43962097167969,,,,,,2.6439317783548386,,,,,,2.348351287774193
2009-08-01,71.05,72.51,215.445,5418.0,317546.0,84.1,724092.0,-8779.0,94.37304285714286,12.5,55.489999999999995,73.37187957763672,,,,,,2.5427875756129037,,,,,,2.3151776124516124
2009-09-01,69.41,67.65,215.861,5559.0,317074.0,84.9,725086.0,-9212.0,93.66380000000001,12.5,55.239999999999995,92.8399887084961,42.90111111111111,,,,,2.4919807899333333,,,,,,2.268503840633333
2009-10-01,75.72,72.77,216.509,5524.0,314409.0,81.5,725081.0,-8494.0,92.2597619047619,12.5,59.58,90.57640075683594,41.683181818181815,,,,,2.5714163559677417,,,,,,2.3306383712258065
2009-11-01,77.99,76.66,217.234,5395.0,318846.0,81.1,726129.0,-8694.0,91.79961052631579,12.5,61.980000000000004,82.10176086425781,38.602,,,,,2.6707162240999995,,,,,,2.4083053509000005
2009-12-01,74.47,74.46,217.347,5452.0,307140.0,81.3,726616.0,-8105.0,92.25861904761905,12.5,60.45,92.94691467285156,39.58772727272727,,,,,2.5410832400000003,,,,,,2.243818703516129
2010-01-01,78.33,76.17,217.488,5404.0,316104.0,79.9,726612.0,-8459.0,92.44030000000001,12.5,62.980000000000004,91.58102416992188,32.62,12.4,,,,2.427744921741936,,,,,,2.1284717040000003
2010-02-01,76.39,73.75,217.281,5553.0,322375.0,81.1,726608.0,-8703.0,93.88668000000001,12.5,62.08,80.72535705566406,35.485263157894735,8.8,,,,2.6479201555714287,,,,,,2.3373607868214283
2010-03-01,81.2,78.83,217.353,5515.0,338442.0,83.2,726604.0,-9296.0,93.14987826086957,12.5,64.93,74.116943359375,31.946521739130436,12.14,,,,2.6758474916774198,,,,,,2.358009189580645
2010-04-01,84.29,84.82,217.403,5392.0,342635.0,88.7,726599.0,-9689.0,92.63908636363637,12.5,68.33,88.76158142089844,28.377619047619046,12.325,,,,2.647905179833333,,,,,,2.3392642031333333
2010-05-01,73.74,75.95,217.29,5401.0,341282.0,88.2,726594.0,-9619.0,95.53063999999999,12.5,60.16,88.95870971679688,40.4045,7.9750000000000005,,,,2.7057139443225804,,,,,,2.4063595677419354
2010-06-01,75.34,74.76,217.199,5380.0,344988.0,90.7,726591.0,-9896.0,96.06062727272727,12.5,60.16,96.45369720458984,39.63,5.779999999999999,,,,2.729253389166667,,,,,,2.4483924066333342
2010-07-01,76.32,75.58,217.605,5298.0,337017.0,91.2,726586.0,-9863.0,94.45469047619048,12.5,61.230000000000004,79.38137817382812,34.50380952380952,6.95,,,,2.7144182297741937,,,,,,2.4536143015806453
2010-08-01,76.6,77.04,217.923,5447.0,338719.0,89.1,726581.0,-9507.0,93.68223181818183,12.5,62.08,80.99386596679688,33.175000000000004,8.16,,,,2.7466991578709674,,,,,,2.448683902129032
2010-09-01,75.24,77.84,218.275,5616.0,342318.0,86.5,726513.0,-9168.0,92.76259523809524,12.5,61.349999999999994,71.16854858398438,31.712857142857143,7.450000000000001,,,,2.6136886134333333,,,,,,2.3065362251000003
2010-10-01,81.89,82.67,219.035,5631.0,346830.0,82.5,726550.0,-8517.0,90.22912,12.5,65.26,65.99193572998047,32.38285714285714,11.575,,,,2.6721141850967736,,,,,,2.4062175397741936
2010-11-01,84.25,85.28,219.59,5576.0,331442.0,86.5,726547.0,-8667.0,90.509535,12.5,68.35,94.70516967773438,31.247142857142858,11.620000000000001,,,,2.9201491226666665,,,,,,2.6324532132666665
2010-12-01,89.15,91.45,220.472,5607.0,312082.0,88.4,726545.0,-8655.0,91.18347142857144,12.5,73.45,97.20389556884766,28.903636363636362,14.125,,,,2.905770481741935,,,,,,2.631555055451613
2011-01-01,89.17,96.52,221.187,5497.0,323459.0,84.8,726543.0,-9111.0,90.11122,12.5,75.54,79.42161560058594,28.877,12.05,,,,2.811423331741936,,,,,,2.534225318129032
2011-02-01,88.58,103.72,221.898,5406.0,326814.0,80.0,726542.0,-8154.0,89.3966894736842,12.5,78.16,90.01448822021484,33.71,11.825,,,,2.8550121498214285,,,,,,2.581113387928571
2011-03-01,102.86,114.64,223.046,5618.0,338421.0,84.4,726542.0,-9147.0,88.48722608695653,12.5,89.93,136.8883056640625,39.85391304347826,16.9,,,,2.8314289854838712,,,,,,2.552283159741936
2011-04-01,109.53,123.26,224.093,5562.0,344413.0,82.9,726542.0,-8798.0,86.92136666666667,12.5,100.01,91.01776885986328,31.9625,16.675,,,,2.8252987878666667,,,,,,2.521479998833333
2011-05-01,100.9,114.99,224.806,5625.0,346072.0,85.3,726542.0,-9022.0,86.94640476190476,12.5,95.34,105.34491729736328,37.6647619047619,14.2,,,,2.542361491709677,,,,,,2.245705646516129
2011-06-01,96.26,113.83,224.806,5589.0,333699.0,89.0,726531.0,-9199.0,86.94125454545454,12.5,91.73,84.391845703125,34.00409090909091,10.95,,,,2.6459553387333337,,,,,,2.4154128362
2011-07-01,97.3,116.97,225.395,5440.0,324292.0,90.2,718215.0,-9203.0,86.31780499999999,12.5,92.18,78.92475891113281,31.963,11.125,,,,2.892906805806452,,,,,,2.616804436516129
2011-08-01,86.33,110.22,226.106,5665.0,324817.0,90.3,696456.0,-8902.0,86.89824347826087,12.5,85.2,86.95156860351562,47.47086956521739,9.8,,,,2.998616193225806,,,,,,2.7015342641290325
2011-09-01,85.52,112.83,226.597,5614.0,308245.0,88.7,695951.0,-8879.0,89.72526666666667,12.5,86.89,83.35044860839844,48.08952380952381,10.75,,,,2.9576573563,,,,,,2.6770270001333336
2011-10-01,86.32,109.55,226.75,5902.0,314922.0,84.9,695951.0,-8856.0,90.60984499999999,12.5,88.07,76.33993530273438,48.5152380952381,10.875,,,,2.9644889015483877,,,,,,2.688670588193548
2011-11-01,97.16,110.77,227.169,6039.0,314602.0,87.0,695951.0,-8660.0,91.26488,12.5,94.78,83.15767669677734,45.593809523809526,13.459999999999999,,,,3.0211844373,,,,,,2.7439296125
2011-12-01,98.56,107.87,227.223,6112.0,308221.0,86.5,695951.0,-8658.0,92.20559047619047,12.5,93.19,85.34132385253906,39.4,12.575,,,,3.134719565741936,,,,,,2.8640548386451616
2012-01-01,100.27,110.69,227.842,6177.0,317882.0,85.6,695951.0,-8449.0,91.646265,12.5,92.21,79.63497161865234,34.697500000000005,12.440000000000001,,,,3.1341920332903226,,,,,,2.864318604870968
2012-02-01,102.2,119.33,228.329,6268.0,322879.0,86.5,695951.0,-8489.0,89.9605,12.5,94.68,92.4458236694336,33.012,13.825,,,,3.1138246630000004,,,,,,2.8322363760000004
2012-03-01,106.16,125.45,228.807,6327.0,347608.0,85.6,695951.0,-8700.0,90.51121363636364,12.5,98.42,88.75997924804688,29.811818181818182,13.05,,,,3.017749389451613,,,,,,2.7459281489032263
2012-04-01,103.32,119.75,229.187,6320.0,357045.0,86.6,695951.0,-8595.0,90.81560952380953,12.5,97.18,96.01668548583984,27.972,10.65,,,,3.0835793525,,,,,,2.8126982018333337
2012-05-01,94.66,110.34,228.713,6370.0,363759.0,90.6,695951.0,-8908.0,92.49278636363637,12.5,90.67,78.17115783691406,30.107727272727274,8.98,,,,3.0122305884193548,,,,,,2.7889220437096776
2012-06-01,82.3,95.16,228.524,6275.0,362153.0,92.5,695951.0,-9147.0,93.88086666666666,12.5,79.46,77.82243347167969,36.65428571428571,7.45,,,,2.9839487621,,,,,,2.801649102266666
2012-07-01,87.9,102.62,228.59,6431.0,346677.0,92.5,695950.0,-8635.0,93.40616666666668,12.5,80.34,82.80802154541016,35.580000000000005,8.24,,,,3.0892300366451617,,,,,,2.939512268935484
2012-08-01,94.13,113.36,229.918,6351.0,336391.0,91.1,695950.0,-8605.0,92.5282652173913,12.5,85.2,74.87835693359375,31.72217391304348,10.625,,,,3.0406767613870964,,,,,,2.9425557253870966
2012-09-01,94.51,112.86,231.015,6598.0,343342.0,87.6,694952.0,-8313.0,90.98020000000001,12.5,89.47,69.28050994873047,33.8721052631579,11.275,,,,2.9931318847000004,,,,,,2.8848213565000003
2012-10-01,89.49,111.71,231.638,6970.0,349531.0,87.1,694952.0,-8041.0,90.75663,12.5,87.52,81.66366577148438,33.266666666666666,8.02,,,,3.151093361451613,,,,,,2.9508745063548387
2012-11-01,86.53,109.06,231.249,7082.0,352411.0,88.6,694952.0,-8110.0,91.47508,12.5,84.28,81.38964080810547,30.65095238095238,5.95,,,,3.2381409502333334,,,,,,2.989022542166666
2012-12-01,87.86,109.49,231.221,7106.0,337796.0,90.4,695268.0,-7533.0,90.88039,12.5,82.56,74.83155822753906,28.945,7.359999999999999,,,,3.4008596875806454,,,,,,3.163470084354839
2013-01-01,94.76,112.96,231.679,7083.0,349294.0,83.8,695805.0,-7847.0,90.82551428571429,12.5,88.28,90.6574935913086,24.11095238095238,12.225,,,,3.3013792410322584,,,,,,3.06887945783871
2013-02-01,95.31,116.05,232.937,7145.0,356799.0,81.6,695969.0,-7161.0,91.55087368421053,12.5,88.95,81.59033203125,23.397368421052633,11.375,,,,3.3528955385357144,,,,,,3.0964509993928573
2013-03-01,92.94,108.47,232.282,7214.0,364621.0,83.7,695969.0,-7390.0,92.41318,12.5,88.73,75.89672088623047,20.0715,9.049999999999999,,,,3.3999060712258067,,,,,,2.56003382883871
2013-04-01,92.02,102.25,231.797,7374.0,367555.0,85.8,695969.0,-7622.0,92.04782272727272,12.5,87.0,95.10787200927734,23.629545454545454,9.7,,,,3.213421996933333,,,,,,2.414741923133333
2013-05-01,94.51,102.56,231.893,7326.0,363304.0,88.2,695969.0,-7611.0,92.52896818181819,12.5,87.67,83.71731567382812,23.88090909090909,11.424999999999999,,,,2.998575613806451,,,,,,2.199424818741935
2013-06-01,95.77,102.92,232.445,7277.0,348807.0,91.6,695969.0,-7607.0,93.283615,12.5,86.17,82.97300720214844,22.8365,12.149999999999999,,,,3.1345268135,,,,,,2.3814688282333334
2013-07-01,104.67,107.93,232.9,7522.0,339391.0,92.5,695969.0,-7954.0,93.87238636363637,12.5,91.35,73.97581481933594,24.045454545454547,15.060000000000002,,,,3.284843127645161,,,,,,2.483886548419355
2013-08-01,106.57,111.28,233.456,7534.0,337127.0,91.4,695969.0,-8028.0,93.71488636363637,12.5,93.7,90.95674896240234,23.998636363636365,14.75,,,,3.484534450290323,,,,,,2.6723373719032257
2013-09-01,106.29,111.6,233.544,7838.0,344016.0,90.7,695969.0,-7818.0,93.470565,12.5,93.2,100.4593276977539,24.269,13.225,,,,3.3614212262333334,,,,,,2.5495744835
2013-10-01,100.54,109.08,233.669,7760.0,352597.0,86.8,695969.0,-7359.0,92.49926818181818,12.5,87.91,72.95311737060547,21.61608695652174,12.26,,,,3.375172915129033,,,,,,2.6074305906451616
2013-11-01,93.86,107.79,234.1,7919.0,344172.0,90.6,695969.0,-7155.0,93.37366842105263,12.5,80.82,77.77902221679688,19.966,12.925,,,,3.480445397466667,,,,,,2.6975737128
2013-12-01,97.63,110.76,234.719,7932.0,327191.0,91.9,695969.0,-7552.0,93.53402,12.5,81.82,70.37248992919922,17.472857142857144,15.179999999999998,,,,3.551571651064516,,,,,,2.739252834419355
2014-01-01,94.62,108.12,235.288,8072.0,336238.0,87.3,695969.0,-7341.0,94.46474761904763,12.5,81.08,77.91596984863281,19.57,14.45,,,,3.5178095741612907,,,,,,2.6999516667741936
2014-02-01,100.82,108.9,235.547,8149.0,345274.0,86.6,695969.0,-6952.0,94.64558235294118,12.5,86.86,69.00352478027344,19.04,18.675,,,,3.53471597475,,,,,,2.6855017703214283
2014-03-01,100.8,107.48,236.028,8291.0,354987.0,85.8,695929.0,-7023.0,94.44082105263158,12.5,87.59,119.83855438232422,20.031428571428574,18.7,,,,3.636829011129032,,,,,,2.776159816322581
2014-04-01,102.07,107.76,236.468,8520.0,365339.0,90.6,693315.0,-7273.0,93.99555,12.5,87.65,93.22154235839844,18.812380952380952,19.259999999999998,,,,3.4986019823333336,,,,,,2.6852666512333334
2014-05-01,102.18,109.54,236.918,8636.0,365460.0,90.2,690972.0,-6858.0,93.67002857142857,12.5,88.11,83.4288558959961,16.67809523809524,19.0,,,,3.425288498032258,,,,,,2.6062740771935484
2014-06-01,105.79,111.8,237.231,8734.0,354305.0,90.3,690972.0,-6674.0,93.82740476190477,12.5,90.01,98.76710510253906,16.834285714285713,19.5,,,,3.505982026066667,,,,,,2.7150593845999995
2014-07-01,103.59,106.77,237.498,8837.0,338737.0,94.7,690972.0,-7209.0,93.6038590909091,12.5,88.72,138.7539520263672,16.86909090909091,16.44,,,,3.537490592548388,,,,,,2.756823723
2014-08-01,96.54,101.61,237.46,8920.0,331076.0,93.7,690972.0,-7082.0,94.58080952380952,12.5,83.11,136.44558715820312,17.93190476190476,13.524999999999999,,,,3.5003401341290323,,,,,,2.7674758205806453
2014-09-01,93.21,97.09,237.477,9070.0,332155.0,91.7,690969.0,-7146.0,96.12086666666667,12.5,79.76,131.55665588378906,19.63142857142857,13.040000000000001,,,,3.5529040086666663,,,,,,2.7529240407999995
2014-10-01,84.4,87.43,237.43,9250.0,351717.0,87.7,690966.0,-6772.0,97.43960454545454,12.5,72.49,83.66100311279297,29.371304347826086,13.7,,,,3.681709848935484,,,,,,2.890654648032258
2014-11-01,75.79,79.44,236.983,9307.0,356729.0,91.9,690963.0,-6774.0,99.11468888888889,12.5,63.16,84.38005065917969,33.15736842105263,12.75,,,,3.6699993048333335,,,,,,2.816157597333333
2014-12-01,59.29,62.34,236.252,9546.0,360865.0,94.1,690959.0,-6804.0,101.44413333333333,12.5,48.2,86.5262222290039,47.80590909090909,13.959999999999999,,,,3.736532644483872,,,,,,2.896092290225807
2015-01-01,47.22,47.76,234.747,9377.0,389213.0,87.8,690956.0,-6676.0,103.76074000000001,12.5,34.5,111.9856948852539,55.170500000000004,12.55,,,,3.842384059870968,,,,,,2.9927321774193545
2015-02-01,50.58,58.1,235.342,9485.0,415313.0,87.1,690953.0,-6658.0,105.16853888888889,12.5,36.42,111.92469787597656,57.79947368421053,11.675,,,,3.8562600473928574,,,,,,3.0339123171071427
2015-03-01,47.82,55.89,235.976,9580.0,443200.0,88.5,690950.0,-7154.0,107.36473809523811,12.5,35.49,104.23526763916016,51.530454545454546,9.14,,,,3.727686331064516,,,,,,2.94937306783871
2015-04-01,54.45,59.52,236.222,9652.0,452713.0,92.0,690947.0,-6609.0,106.35228181818182,12.5,41.01,102.19049072265625,42.76238095238095,13.924999999999999,,,,3.424277394166667,,,,,,2.677299558566667
2015-05-01,59.27,64.08,237.001,9466.0,448961.0,92.5,692345.0,-6718.0,105.40651499999998,12.5,46.15,76.2623291015625,34.1805,15.4,,,,3.169536707548387,,,,,,2.477393841322581
2015-06-01,59.82,61.48,237.657,9350.0,438810.0,93.7,693891.0,-6876.0,106.17898636363635,12.5,47.62,85.90596771240234,32.54363636363637,14.26,,,,3.4239629036666663,,,,,,2.7436780201
2015-07-01,50.9,56.56,238.034,9436.0,424809.0,95.0,695134.0,-6814.0,108.12356818181819,12.5,40.9,106.80866241455078,38.11227272727273,8.075,,,,3.7809873983870967,,,,,,3.098928517870968
2015-08-01,42.87,46.52,238.033,9400.0,425853.0,93.7,695130.0,-7256.0,109.97674761904761,12.5,32.47,82.47853088378906,43.94857142857143,5.725,,,,3.8782156871612905,,,,,,3.169090333935484
2015-09-01,45.48,47.62,237.498,9471.0,429129.0,90.6,695128.0,-6818.0,110.85125714285715,12.5,31.880000000000003,98.7674560546875,49.60285714285715,8.440000000000001,,,,3.377984392566667,,,,,,2.6936111325
2015-10-01,46.22,48.43,237.733,9394.0,455213.0,86.5,695126.0,-6602.0,109.90357142857142,12.5,32.27,91.931884765625,42.823181818181816,9.9,,,,3.5416296933225806,,,,,,2.887996696064516
2015-11-01,42.44,44.27,238.017,9328.0,455994.0,91.7,695123.0,-7051.0,111.6916105263158,12.5,28.93,150.71588134765625,44.0395,7.5,,,,3.7701121140000007,,,,,,3.014412408533333
2015-12-01,37.19,38.01,237.761,9270.0,449220.0,92.6,695119.0,-7510.0,112.7857409090909,12.5,23.130000000000003,148.23687744140625,49.03181818181818,4.4399999999999995,,,,3.831346457806452,,,,,,3.0623664610322585
2016-01-01,31.68,30.7,237.652,9209.0,471767.0,89.0,695116.0,-7125.0,115.2343875,12.5,17.49,118.21114349365234,60.914210526315784,3.175,,,,3788.46638827129,1285.8307278303223,1054.9768458858066,1398.0512859822582,493.4518262677419,213.75371462838703,3571.086699626452
2016-02-01,30.32,32.18,237.336,9067.0,492153.0,88.3,695114.0,-7460.0,114.281735,12.5,16.03,103.74964904785156,67.7465,4.074999999999999,,,,3763.11329059,1282.5534219800002,1076.82653339,1382.41651846,480.84686512,212.27631592,3539.8209146799995
2016-03-01,37.55,38.21,238.08,9109.0,504811.0,88.9,695112.0,-7416.0,111.89339130434782,12.5,21.32,109.72029113769531,48.79363636363637,10.46,,,,3696.1461802680647,1252.858326427742,987.0675933896774,1372.1699352148387,469.781445163871,211.34492029548383,3486.1947572332256
2016-04-01,40.75,41.58,238.992,8880.0,509323.0,88.6,695107.0,-6987.0,110.01707619047619,12.5,25.21,85.22145080566406,46.1747619047619,11.775,,,,3347.3259716836665,876.0633965696667,614.5569980476666,1374.763142719,453.5957282996667,220.19220085766665,3141.7435318336666
2016-05-01,46.71,46.74,239.557,8839.0,511861.0,89.9,695104.0,-7139.0,111.14051428571429,12.5,30.380000000000003,88.3324203491211,41.36761904761905,12.280000000000001,,,,2735.0061981838708,532.1852878361291,349.7690298045161,1064.8895864458066,439.3030548748387,214.9512132935484,2519.6731325541937
2016-06-01,48.76,48.25,240.222,8679.0,500857.0,91.2,695100.0,-7030.0,111.55962727272727,12.5,33.46,90.16812896728516,39.72409090909091,9.725000000000001,,,,3026.538323572,753.5234312066666,586.943683846,1229.7677170146667,437.4449638420001,221.047824678,2869.9163937430003
2016-07-01,44.65,44.95,240.101,8669.0,493458.0,92.2,695096.0,-7560.0,112.47729,12.5,30.759999999999998,114.6104507446289,39.989,7.8,,,,3568.5506888138707,1167.1596651777418,903.5251195870968,1407.2826980912905,433.8921950980646,233.74638295612905,3401.8007243154834
2016-08-01,44.72,45.84,240.545,8695.0,486675.0,92.1,695093.0,-7296.0,111.43836956521739,12.5,30.200000000000003,98.73848724365234,38.97347826086956,7.68,,,,3773.613306301936,1279.206340517742,1059.5280306635484,1452.796371942581,428.274988973871,221.73284585612905,3523.579561799356
2016-09-01,45.18,46.57,241.176,8547.0,471537.0,90.4,695090.0,-7265.0,112.31686190476191,12.5,30.229999999999997,104.54522705078125,41.00476190476191,8.175,,,,3755.029568940667,1261.2681337963334,1062.5027996846668,1447.0571705573334,422.400367303,234.343225056,3506.8944678373337
2016-10-01,49.78,49.52,241.741,8809.0,491203.0,85.4,695087.0,-7068.0,113.474695,12.5,34.35,85.74778747558594,36.04714285714286,13.4,,,,3817.647860317742,1321.0177510441936,1108.3245795406451,1485.718657762258,422.3100172258064,204.2177539770968,3570.9968162125806
2016-11-01,45.66,44.73,242.026,8908.0,490734.0,89.5,695084.0,-7417.0,116.107515,12.5,31.560000000000002,82.91875457763672,46.27619047619047,7.959999999999999,,,,4051.751565351,1454.765961693333,1225.1478515696667,1548.566946525,424.371593757,235.50243703900003,3796.398697612333
2016-12-01,51.97,53.31,242.637,8820.0,484622.0,91.3,695082.0,-7349.0,117.90482857142858,12.5,36.16,102.18046569824219,32.41571428571429,13.15,,,,3880.149905184839,1295.2605732999998,1123.9182359132258,1551.1442468967743,422.7484778519355,235.18979290258065,3643.511427011291
2017-01-01,52.5,54.58,243.618,8875.0,506798.0,88.4,695078.0,-7767.0,117.78577894736841,12.5,37.49,105.20123291015625,31.2825,15.280000000000001,,,,4014.768273849678,1389.31210223,1152.824173702258,1578.8080486593549,428.9218249183872,244.01297605290324,3759.393871965807
2017-02-01,53.47,54.87,244.006,9097.0,525419.0,85.0,694825.0,-6731.0,116.12038947368421,12.5,38.74,114.20635986328125,27.402631578947368,17.55,,,,4049.326888523215,1428.6528420553573,1152.4374083578573,1572.9141271267856,437.0418319482144,241.45053064714287,3814.245464409285
2017-03-01,49.33,51.59,243.892,9168.0,538595.0,88.2,691510.0,-7235.0,115.65584782608695,12.5,36.15,96.63587951660156,29.24739130434783,12.025,,,,3833.5527608367743,1182.3335274570968,964.0789465309678,1561.9866619541936,443.8380078848387,249.12273653806452,3595.3909312606456
2017-04-01,51.06,52.31,244.193,9105.0,524286.0,92.8,688787.0,-7076.0,114.769795,12.5,36.97,119.45992279052734,27.962631578947367,11.65,,,,3488.170751769,968.266560001,736.7378152596667,1422.9300883783333,440.4403810243334,248.75842127433333,3271.7027474123333
2017-05-01,48.48,50.33,244.004,9189.0,516808.0,94.4,684478.0,-7389.0,114.25913181818181,12.5,35.97,102.57996368408203,32.474090909090904,6.720000000000001,,,,3604.907413790645,1171.0402750506453,897.4528152748387,1348.4545109554838,435.2826489022581,256.7490297145161,3366.590367935484
2017-06-01,45.18,46.37,244.163,9113.0,501557.0,94.4,679174.0,-7224.0,112.76027272727273,12.5,32.75,126.78901672363281,31.955454545454543,6.7749999999999995,,,,3713.123080834667,1178.1466173636666,967.5365227203332,1451.330257811,440.9316151853334,259.28588593166666,3471.765040346
2017-07-01,46.63,48.48,244.243,9260.0,483411.0,95.1,678883.0,-6959.0,111.060555,12.5,33.77,102.81346130371094,30.860500000000002,8.5,,,,3896.431179818387,1329.9496870383869,1049.248046358387,1524.462872876774,441.8550945580646,277.95968931419355,3672.560813047743
2017-08-01,48.04,51.7,245.183,9262.0,459982.0,92.9,678799.0,-7106.0,109.90586086956522,12.5,35.72,138.5316162109375,29.13478260869565,10.98,,,,4070.4531791622585,1473.7227727096774,1180.6500902451614,1601.8565501616129,439.98742678225807,256.37894541,3896.947147135484
2017-09-01,49.82,56.15,246.435,9513.0,469588.0,85.4,673640.0,-5861.0,108.85424499999999,12.5,38.28,115.5344467163086,27.576,8.35,,,,3852.4524360306655,1228.352090444,1008.6343509206666,1608.1436075243332,446.945092866,282.10426831,3693.984866287333
2017-10-01,51.58,57.51,246.626,9667.0,459731.0,88.4,668951.0,-5961.0,110.88917619047619,12.5,40.17,91.4615707397461,26.145000000000003,10.180000000000001,,,,3804.1907103741937,1092.8421107770969,900.1898971103226,1621.421308512258,452.21360003967743,297.9328795206452,3586.6480953606447
2017-11-01,56.64,62.71,247.284,10086.0,453054.0,92.6,661278.0,-6130.0,111.163525,12.5,45.25,92.59601593017578,27.666190476190476,14.2,,,,4128.012995677001,1417.6059738736667,1082.2400138043336,1645.1492853386667,469.8215511566667,306.682958847,3897.211352971666
2017-12-01,57.88,64.37,247.805,9987.0,421646.0,94.7,662831.0,-6260.0,110.87581,12.5,47.03,82.71825408935547,21.587,15.625,,,,4196.637521308387,1446.5388225809677,1227.5286528664517,1657.7814827396774,474.94842263032257,304.36694935645164,3966.345258527742
2018-01-01,63.7,69.08,248.859,10000.0,420760.0,91.0,664234.0,-6656.0,108.35677619047618,12.5,50.75,92.42678833007812,22.994761904761905,17.6,,,,4035.7301816087097,1290.0315093219356,1041.639405229355,1628.8276612358063,472.4637447832258,302.1186466270967,3809.210384548388
2018-02-01,62.23,65.32,249.529,10263.0,423843.0,88.0,665458.0,-5763.0,107.6500947368421,12.5,49.24,64.49137115478516,26.69421052631579,18.125,,,,4187.0526117325,1432.1935558132143,1126.3710879014286,1622.9738263725,476.4218830860714,301.68624392857146,3919.435348305
2018-03-01,62.73,66.02,249.577,10467.0,424939.0,91.1,665456.0,-5651.0,107.94717499999999,12.5,48.31,111.96229553222656,26.00142857142857,18.275,,,,4206.234756882903,1498.1958147283872,1101.998045166129,1568.4637459745163,484.6479183416129,317.93873615967743,3958.797689424839
2018-04-01,66.25,72.11,250.227,10493.0,436578.0,92.0,663966.0,-6335.0,107.94335714285714,12.5,51.91,123.26347351074219,27.705714285714286,16.625,,,,3888.876516080333,1133.3533161280002,832.055063622,1567.456294256667,492.970777541,296.96729900033336,3631.361421324
2018-05-01,69.98,76.98,250.792,10432.0,434197.0,93.2,660167.0,-5767.0,111.04704090909091,12.5,56.41,125.66661834716797,26.679090909090913,13.88,,,,4094.787439566774,1374.9482051609675,960.5925657170968,1562.8544528370967,489.66718672161295,288.3701364525806,3834.3799723003226
2018-06-01,67.87,74.41,251.018,10641.0,415152.0,97.0,660015.0,-6208.0,112.84441904761906,12.5,55.849999999999994,103.96858978271484,27.524285714285714,12.575,,,,4079.118109340333,1408.2609934963332,1052.9697539883332,1538.0694632953332,477.6146257466667,296.964573416,3836.524959828
2018-07-01,70.98,74.25,251.214,10903.0,409641.0,95.1,660013.0,-5629.0,113.05953333333333,12.5,57.790000000000006,110.02842712402344,27.11904761904762,16.64,,,,4190.833041163871,1422.6493126125806,1011.919850082258,1612.4644161751614,483.3631739248388,314.668440753871,3931.8842011261286
2018-08-01,68.06,72.53,251.663,11396.0,407583.0,96.6,660011.0,-6130.0,113.83163043478261,12.5,55.18000000000001,112.74168395996094,25.28739130434783,15.325,,,,4394.683348498709,1647.40187596,1134.5384786496777,1635.4796425535485,494.1240243493549,341.2023085845161,4171.23723955742
2018-09-01,70.23,78.89,252.182,11444.0,416684.0,93.5,660009.0,-5578.0,114.07866315789474,12.5,56.790000000000006,75.05390930175781,26.53842105263158,15.325,,,,4040.542075629333,1321.645068288,889.637645191,1636.2596872053332,497.7143425826667,327.035526045,3886.680743409333
2018-10-01,70.75,81.03,252.772,11508.0,433808.0,90.0,654840.0,-5098.0,114.83125909090909,12.5,58.489999999999995,92.0164794921875,28.66391304347826,11.5,,,,4315.049281471291,1618.1502015180647,1108.721040467742,1598.222054467097,501.3000888680645,351.4542930903225,4112.182213467419
2018-11-01,56.96,64.75,252.594,11892.0,449379.0,94.1,649567.0,-5142.0,116.16904500000001,12.5,46.51,80.40758514404297,45.32285714285714,6.65,,,,4382.5901201823335,1804.506234216,1242.940046777,1485.876200594667,500.8378622286667,341.45722173366664,4188.282584078001
2018-12-01,49.52,57.36,252.767,11951.0,442501.0,95.4,649139.0,-4706.0,116.2118052631579,12.5,36.33,90.607666015625,48.791111111111114,4.08,,,,4400.246381098064,1698.2809606383871,1172.6855676083871,1540.5816269358063,500.0520688258064,341.6038419390323,4146.724835501936
2019-01-01,51.38,59.41,252.561,11873.0,448972.0,91.0,649139.0,-4915.0,114.44248999999999,12.5,39.79,87.42410278320312,41.42142857142857,5.25,,,,4134.971006685806,1541.4264904467743,1212.457050723871,1471.2999784770968,486.95262646387096,331.2749594335484,3874.758523529355
2019-02-01,54.95,63.96,253.319,11653.0,451660.0,85.9,649126.0,-3755.0,114.41300555555556,12.5,45.12,96.80016326904297,32.11055555555556,7.0249999999999995,,,,4164.154333791429,1508.12661313,1170.1261511664286,1534.8825663257144,477.5111433964285,317.3265304017857,3898.554976193572
2019-03-01,58.15,66.14,254.277,11912.0,458890.0,86.8,649126.0,-4110.0,114.78351904761905,12.5,49.14,82.32829284667969,28.459047619047617,10.8,,,,4218.723681880645,1499.1392862283872,1166.245005065484,1546.585960720645,493.4061744209678,323.1951912458064,3950.384155512904
2019-04-01,63.86,71.23,255.233,12144.0,469802.0,88.7,648588.0,-4088.0,114.90375454545455,12.5,54.010000000000005,79.25344848632812,26.007619047619045,15.16,,,,4293.749698837333,1592.640274176,1062.2952359546669,1528.6397801433334,497.9619514363334,331.92878856466666,4025.254482764
2019-05-01,60.83,71.32,255.296,12151.0,481125.0,90.6,644818.0,-4195.0,115.95738181818182,12.5,52.61,106.4719009399414,32.462272727272726,11.575,,,,4119.095120451613,1539.2899840177422,1044.3610668854838,1435.0664120380643,484.1593421325807,341.1434684264516,3838.8059695693546
2019-06-01,54.66,64.22,255.213,12222.0,463446.0,94.1,644818.0,-4052.0,115.42707,12.5,46.66,106.58845520019531,41.566500000000005,7.3999999999999995,,,,4273.262320045,1617.168436572667,1146.6051071566667,1529.3249501126668,477.7943046523333,325.4708309773333,3973.6784600846663
2019-07-01,57.35,63.92,255.802,11907.0,441588.0,94.0,644818.0,-4232.0,115.0775909090909,12.5,48.03,93.52125549316406,32.71,9.120000000000001,,,,4262.750525806774,1658.296638468387,1245.6936241464516,1532.268729983871,479.84473536967744,329.3013793732258,4022.027120383871
2019-08-01,54.81,59.04,256.036,12488.0,430118.0,94.8,644818.0,-4189.0,117.10038636363637,12.5,44.4,103.4044189453125,34.568636363636365,9.875,,,,4262.1487330177415,1684.0221642654838,1213.2428711796776,1532.283135677742,480.6802656141936,347.23241030064514,4055.335113584516
2019-09-01,56.95,62.83,256.43,12596.0,425614.0,88.9,644818.0,-3390.0,117.32392,12.5,46.1,90.36798858642578,37.761,10.075,,,,4141.628337723667,1477.5891662593333,968.0271279003334,1607.7098202946668,480.3207116690001,341.10058950666667,3958.729678318
2019-10-01,53.96,59.71,257.155,12809.0,443367.0,85.8,641153.0,-2830.0,116.74625909090909,12.5,43.35,97.83673095703125,37.7195652173913,5.14,,,,4255.393477077742,1354.7222051719357,901.7757408187096,1657.598469558387,485.7786638619355,342.34806848999995,3929.5123340648383
2019-11-01,57.03,63.21,257.879,12998.0,445887.0,90.6,634967.0,-2738.0,116.55946842105263,12.5,45.38,73.07838439941406,33.1425,7.525,,,,4389.143263561,1495.891045737,1024.189889692,1625.5695261293336,494.7568739206666,363.4744919783333,4039.782056921
2019-12-01,59.88,67.31,258.63,12983.0,432772.0,92.5,634967.0,-3296.0,115.90961,12.5,47.77,74.27989196777344,27.93095238095238,11.76,,,,4505.200788420322,1635.9456971848388,1172.4605547280644,1672.751636333871,505.19307546387097,349.42877137322586,4216.778304516774
2020-01-01,57.52,63.65,259.127,12865.0,440253.0,88.9,634967.0,-3023.0,115.27938571428571,12.5,45.42,138.4209442138672,33.00952380952381,11.075,,,,4377.795411545807,1555.9380966022584,1187.498273055484,1635.7255538348388,486.52268751580647,324.0433011103226,4077.3382892441937
2020-02-01,50.54,55.66,259.25,12864.0,452563.0,87.0,634967.0,-2982.0,116.71054210526317,12.5,38.87,75.95555877685547,38.83315789473684,5.45,,,,4437.25729529,1616.70651871,1188.74068894,1616.79479294,505.48860558,347.06130508,4134.109274729999
2020-03-01,29.21,32.01,258.076,12805.0,483341.0,83.0,634967.0,-2671.0,121.02274090909091,12.5,20.049999999999997,81.54003143310547,126.24454545454546,6.76,,,,4370.647346826452,1639.4754979774195,1161.1721718519352,1518.9943903245162,492.37586296354846,331.4015672219355,4059.523112559032
2020-04-01,16.55,18.38,256.032,11918.0,529035.0,70.2,637826.0,-2637.0,123.28034545454544,12.5,6.82,69.33940124511719,163.65238095238095,10.25,,,,3772.595330988,1466.7222615223334,1129.9664631033334,1302.4355692273334,396.2968171616667,341.00540371533333,3462.3175360656664
2020-05-01,28.56,29.38,255.802,9723.0,521593.0,72.0,648326.0,-2910.0,122.61501000000001,12.5,11.05,68.50721740722656,87.701,16.15,,,,3531.918226682581,1347.6279081832258,1128.1742054151614,1275.6816121525808,327.04313468612906,325.2201042716129,3224.2324895141933
2020-06-01,38.31,40.27,257.042,10450.0,532657.0,76.4,656023.0,-3646.0,119.67660454545454,12.5,24.299999999999997,71.22785949707031,63.78590909090909,18.48,,,,3764.3208762726663,1436.09570901,1108.706066662,1353.5434203823331,378.2769308323333,325.9735964566667,3472.323575474
2020-07-01,40.71,43.24,258.352,11014.0,520124.0,79.6,656140.0,-2563.0,118.69004999999999,12.5,27.58,66.47328186035156,46.305,18.174999999999997,,,,3754.313937353871,1299.2436462067742,982.1566720593548,1480.5145501270968,404.5605792,323.7097382832258,3485.3460386774186
2020-08-01,42.34,44.74,259.316,10600.0,504399.0,78.9,647530.0,-2008.0,116.94534761904762,12.5,29.92,65.46604919433594,34.89904761904762,16.825,,,,3724.822032749355,1181.4026355770968,887.3229748212904,1508.0316572887098,416.120438391613,320.77219411612907,3444.4651142367743
2020-09-01,39.63,40.91,259.997,10963.0,497724.0,76.9,642186.0,-2133.0,116.34313333333334,12.5,27.310000000000002,80.37738037109375,43.69238095238095,14.580000000000002,,,,3825.281714792667,1239.559902883,987.9226355716668,1565.812347583,411.15858989,312.16746350666665,3549.3485887340003
2020-10-01,39.4,40.19,260.319,10492.0,493922.0,75.3,638556.0,-2354.0,115.77981428571428,12.5,26.71,76.08316802978516,49.05761904761905,15.174999999999999,,,,4007.699338998064,1453.0122544535484,1018.8775973248386,1533.2980269558063,413.4056752367741,347.7757687258064,3736.087285356453
2020-11-01,40.94,42.69,260.911,11225.0,500752.0,79.3,638085.0,-2784.0,114.09840000000001,12.5,28.18,70.06746673583984,49.7815,14.399999999999999,,,,4336.901359663,1725.9532164466668,1266.251340599,1608.3740242306667,420.438575564,342.28873461566667,4064.133894977334
2020-12-01,47.02,49.99,262.045,11188.0,485471.0,79.1,638086.0,-2357.0,111.89921428571428,12.5,33.7,64.06729125976562,39.815909090909095,15.86,,,,4504.60467675,1844.783215158387,1351.335041038387,1646.4492740906453,423.59638481935485,333.02657007000005,4218.502118250968
2021-01-01,52.0,54.77,262.687,11156.0,476269.0,82.6,638085.0,-2614.0,111.48727222222222,12.5,38.89,77.418701171875,37.74578947368421,15.2,,,,4440.091515859677,1767.085192228387,1330.4717412683872,1663.3422834709677,418.4752620967742,331.31330698483873,4145.185049434516
2021-02-01,59.04,62.28,263.579,9931.0,493876.0,70.6,637773.0,-3023.0,112.01705263157895,12.5,45.91,73.95680236816406,37.06473684210526,14.875,,,,4240.6732419825,1626.750408005357,1287.6705697185714,1653.2082691342855,407.0713365703572,324.58699286642855,3981.285970303929
2021-03-01,62.33,65.41,264.961,11376.0,502464.0,81.9,637774.0,-3011.0,113.33664347826087,12.5,49.47,78.61876678466797,42.417826086956524,14.8,,,,4345.384020615807,1610.241881377097,1186.7733217287096,1678.0896560529034,429.6595587622581,349.3650616848387,4054.9735509580646
2021-04-01,61.72,64.81,266.614,11355.0,489158.0,86.3,633428.0,-2644.0,112.63228636363637,12.5,49.9,88.16622161865234,38.315,14.6,,,,4009.424917937,1222.881842687,830.571926424,1691.9907583706668,440.21625412800006,353.947736092,3738.3068510936655
2021-05-01,65.17,68.53,268.383,11425.0,476980.0,89.0,627585.0,-2994.0,111.21226999999999,12.5,52.650000000000006,93.00713348388672,37.1055,13.65,,,,4042.3681630267743,1348.9992896603226,1062.9843827070968,1659.7329470164518,428.4549586987097,346.8268190041935,3770.3829816241937
2021-06-01,71.38,73.16,270.654,11401.0,448108.0,92.4,621304.0,-3193.0,111.57769545454545,12.5,58.05,74.12712097167969,33.00409090909091,15.02,,,,4300.935806762333,1656.986288438,1191.4979970506668,1618.851799389,419.7791938156667,332.1199987886667,4005.092706469333
2021-07-01,72.49,75.17,271.903,11420.0,438745.0,90.9,621302.0,-3694.0,113.06331904761906,12.5,59.480000000000004,58.42076873779297,37.70761904761905,12.899999999999999,,,,4347.102761922581,1680.815172753871,1252.160766209032,1656.1944216487095,428.9197959474194,347.7439138816129,4074.583961155484
2021-08-01,67.73,70.75,272.676,11318.0,421525.0,90.4,621302.0,-3244.0,113.40253636363636,12.5,55.39,89.4865493774414,38.20272727272727,11.5,,,,4280.3688923080645,1565.45194147,1098.0289721590325,1656.6058969609676,444.30670017838713,350.60395135774195,4021.576283034839
2021-09-01,71.65,74.49,273.91,10961.0,420343.0,87.2,617768.0,-3991.0,113.44374761904761,12.5,58.599999999999994,80.69696807861328,34.01380952380952,11.675,,,,4213.772248763333,1526.2138004263334,1092.111451278667,1664.5279802883335,441.8040118323333,338.8618364673333,3963.260228461
2021-10-01,81.48,83.54,276.55,11640.0,436580.0,86.1,610646.0,-3192.0,114.06348499999999,12.5,66.33,79.02923583984375,37.27619047619047,13.2,,,,4494.321040297096,1782.6636313187098,1315.2739371316131,1746.4402097345162,457.55466321516127,349.8891448858065,4263.239304912904
2021-11-01,79.15,81.05,278.919,11871.0,433387.0,89.1,601467.0,-3197.0,114.989795,12.5,65.97,86.56914520263672,41.04904761904762,13.040000000000001,,,,4506.784724896,1722.969540243,1300.1005820950002,1757.6242967396668,463.28937381133335,353.42253695700003,4277.940680723
2021-12-01,71.71,74.17,280.845,11760.0,421184.0,91.2,593682.0,-3016.0,115.8045380952381,12.5,59.480000000000004,105.34542083740234,50.11,11.55,,,,4312.881731786451,1583.9058382158066,1229.7974482025809,1715.0885503409677,456.93156623096775,335.6563193412904,4074.695148764516
2022-01-01,83.22,86.51,282.543,11451.0,413714.0,89.0,588317.0,-3043.0,115.03728000000001,12.5,67.76,138.67498779296875,41.346,0.0,,,,4215.330227937096,1487.5244419235485,1168.7662043899998,1734.436614592258,450.3796131819355,339.5862332087097,3972.8048933977434
2022-02-01,91.64,97.13,284.5,11465.0,408526.0,88.9,578872.0,-2916.0,114.99774210526316,12.5,77.71,216.1590118408203,46.72789473684211,0.0,,,,4410.484858454286,1656.5645566775,1245.6984429525005,1742.8158226632142,468.1384279521428,352.314272435,4160.072921009644
2022-03-01,108.5,117.25,287.674,11888.0,414207.0,91.5,566061.0,-3221.0,116.29083913043478,12.5,94.48,318.9549255371094,67.49521739130435,0.0,,,,4428.374614315161,1605.6462621351614,1218.1712416603225,1749.4848835687096,488.40780444193547,359.31412082516124,4170.110146184839
2022-04-01,101.78,104.58,288.561,11830.0,417382.0,89.9,547866.0,-2555.0,117.16879523809523,12.5,92.72,191.14309692382812,52.85,-2.45,,,,4319.502487241,1503.696699947,1130.9722037223332,1735.3508215676668,505.13925362733335,364.62615618933336,4066.8492059543337
2022-05-01,109.55,113.34,291.298,11758.0,415065.0,93.3,523109.0,-2858.0,119.69619047619047,12.5,97.93,142.25848388671875,51.63809523809524,-4.86,,,,4142.925993159032,1479.3162398735485,1036.890598679355,1578.4813843335487,494.6123976612904,350.88334066,3891.526345400968
2022-06-01,114.84,122.71,294.957,11919.0,417799.0,95.4,493324.0,-3020.0,120.02570952380954,12.5,101.94,130.7073211669922,46.99857142857143,-4.35,,,,4245.5997356650005,1658.1387912903333,1138.5593918650002,1513.5769431553333,490.617130639,341.6696076513333,3994.749113924333
2022-07-01,101.62,111.93,294.913,12009.0,424075.0,94.1,468006.0,-2917.0,122.7512,12.5,90.32,117.17676544189453,50.437,-3.95,,,,4445.177537384516,1651.197066155161,1173.9494136241938,1723.914776947742,492.6128467725807,376.2753036300001,4199.549500441291
2022-08-01,93.67,100.45,295.097,12134.0,419785.0,94.1,445057.0,-2769.0,122.31775217391305,12.5,83.3,132.86322021484375,48.837391304347825,-3.56,,,,4478.303126095162,1666.2457409258063,1133.6264561996777,1729.786010237097,501.1913360241936,370.0315512709678,4242.627597542903
2022-09-01,84.26,89.76,296.349,12429.0,429000.0,92.5,416393.0,-2553.0,125.59460000000001,12.5,74.07,131.98587036132812,50.4352380952381,-2.875,,,,4481.000487442333,1694.2026748873334,1109.4543443916668,1722.3885714593334,494.931940299,373.9774263766666,4301.4675053676665
2022-10-01,87.55,93.33,298.007,12442.0,439678.0,90.3,398569.0,-2237.0,127.480605,12.5,75.52,143.16241455078125,50.61428571428572,-1.9249999999999998,,,,4455.701201102904,1627.356048592903,1097.1863405161291,1786.554183149355,508.2659519945161,382.4025930554839,4268.243964701935
2022-11-01,84.37,91.42,298.786,12493.0,416621.0,94.1,388419.0,-2148.0,124.85272,12.5,72.07,116.7162857055664,46.52761904761905,-1.3599999999999999,,,,4631.238469781667,1755.6920671076668,1328.949424641,1790.6858443633332,503.9133696583333,385.2957298113333,4383.763379407666
2022-12-01,76.44,80.92,298.832,12202.0,430102.0,88.0,372030.0,-2228.0,122.23432857142858,12.5,64.06,111.19593811035156,43.860952380952384,-0.7,,,,4466.969902960646,1625.7229298609675,1232.727485177097,1776.5635301041934,496.4555148883872,383.41707853935486,4224.681349333225
2023-01-01,78.12,82.5,300.42,12640.0,459159.0,86.5,371579.0,-2891.0,119.81006500000001,12.5,63.2,104.26704406738281,40.279,0.0,,,,4408.87255116742,1547.233202459355,1154.2639315009678,1775.4760016654836,516.025954357742,362.91757326387096,4169.556034213548
2023-02-01,76.83,82.59,301.45,12621.0,472369.0,86.7,371579.0,-2518.0,120.30837368421054,12.5,62.36,120.99437713623047,37.072631578947366,0.0,,,,4495.107737558214,1659.3460005139284,1291.2935002785714,1779.3542274975,522.5872913974999,359.8391315557143,4282.908192952144
2023-03-01,73.28,78.43,301.821,12867.0,465219.0,87.7,371175.0,-1890.0,120.74501304347825,12.5,60.5,105.37997436523438,42.24304347826087,0.0,,,,4494.933992426452,1680.5104213145162,1289.6336281151614,1776.2141413035483,529.0292234958065,363.75127743451617,4298.727224521291
2023-04-01,79.45,84.64,302.845,12734.0,459627.0,90.1,363723.0,-2083.0,119.24514500000001,12.5,66.03,106.80965423583984,35.60947368421053,0.0,,,,4191.898386186666,1461.2299994303332,1122.2610265326666,1677.3480806906668,531.604677504,360.16626157866665,3969.506638772
2023-05-01,71.58,75.47,303.334,12732.0,460643.0,91.7,354366.0,-2619.0,119.62925454545456,12.5,60.06999999999999,108.46768188476562,37.11818181818182,0.0,,,,4078.3568326700006,1375.358463090645,1076.5411551251614,1686.0695988690322,477.39576741161295,308.95830775935485,3857.8011957693543
2023-06-01,70.25,74.84,304.014,12787.0,454715.0,93.1,347158.0,-2605.0,119.29695238095238,12.5,58.89,110.52894592285156,35.47190476190476,0.0,,,,4247.727997708667,1506.0950045,1146.474279108667,1750.0928782456667,486.1832339096667,345.907471969,4038.7849123756673
2023-07-01,76.07,80.11,304.609,12912.0,439947.0,93.8,347454.0,-2382.0,118.04916499999999,12.5,63.91,107.44878387451172,31.577999999999996,0.0,,,,4541.58125235742,1754.516528671613,1364.9045959735486,1777.680072827742,515.3981907403225,368.0108990841936,4323.973710272904
2023-08-01,81.39,86.15,306.082,12999.0,417301.0,94.1,350330.0,-2583.0,119.85634782608695,12.5,69.28,101.14118194580078,28.15869565217391,0.0,,,,4515.73135064,1696.2172942670968,1316.1064239196776,1808.8404002590323,525.0506143251613,379.5875987348387,4304.708428037098
2023-09-01,89.43,93.72,307.276,13178.0,417865.0,91.5,351274.0,-2546.0,121.64553000000001,12.5,76.82,98.63481140136719,28.788,0.0,,,,4414.656619864,1664.0367461273331,1078.9896496566666,1773.161595062,521.6282002026667,360.3144914343333,4296.445301743
2023-10-01,85.64,90.6,307.696,13213.0,425993.0,86.7,351274.0,-2002.0,123.49714761904761,12.5,74.1,197.8870086669922,40.64636363636364,0.0,,,,4441.865850970968,1570.5470933641936,1059.8575355487098,1797.611060438065,527.6635231374194,398.4190869777419,4246.35015057742
2023-11-01,77.69,82.94,308.148,13316.0,441838.0,89.9,351911.0,-2997.0,121.22211999999999,12.5,67.2,156.69613647460938,40.38047619047619,0.0,,,,4795.165175284333,1944.353240775,1360.9744115766666,1833.144997108,535.4576054496667,402.609480138,4590.159091690666
2023-12-01,71.9,77.63,308.741,13297.0,426491.0,93.1,354684.0,-1800.0,119.83314,12.5,59.84,142.2794647216797,35.9895,0.0,,,,4835.93238942871,1910.8225680106448,1403.750868327742,1879.060244893226,542.312896421613,416.8386941141936,4626.17980554871
2024-01-01,74.15,80.12,309.698,12517.0,428155.0,86.1,358013.0,-2723.0,120.22735714285714,12.5,60.78,160.3736572265625,36.62238095238096,0.0,,,,4425.65437293871,1631.7292926167745,1275.6810034612904,1822.341375975484,507.3766540193549,375.7286988512903,4231.258461622258
2024-02-01,77.25,83.48,310.967,13129.0,448337.0,82.7,360958.0,-1943.0,121.06594,12.5,63.7,146.59817504882812,32.2065,0.0,,,,4601.55212096,1692.66183049,1295.10397872,1854.65783905,534.42628627,379.93163525,4385.271364970001
2024-03-01,81.28,85.41,312.345,13190.0,447754.0,88.7,363934.0,-1847.0,120.65883333333333,12.5,67.17,133.21316528320312,28.985000000000003,0.0,,,,4667.474437169678,1771.5400008851614,1294.6748093816127,1856.2199158122585,546.9957614151613,378.8632560993548,4472.270995408065
2024-04-01,85.35,89.94,313.023,13314.0,464600.0,89.5,366917.0,-2602.0,122.14281363636364,12.5,71.97,163.9473419189453,30.37681818181818,0.0,,,,4588.405702323,1665.392619503,1228.849404754667,1835.8795968356665,544.0821929216667,385.4076884293334,4364.0066668770005
2024-05-01,80.02,81.75,313.175,13256.0,455026.0,93.5,370167.0,-2826.0,121.8583409090909,11.0,69.7,130.52186584472656,28.042272727272724,0.0,,,,4314.771109551613,1391.681534526129,1022.8006126909678,1831.9739156448384,538.2776789609677,364.51335893,4107.431986637742
2024-06-01,79.77,82.25,313.044,13252.0,440482.0,94.2,373072.0,-2525.0,123.70947894736841,11.0,69.28,113.0927963256836,26.15947368421053,0.0,,,,4489.069684691334,1601.709341554667,1188.1667040143334,1880.2661570246669,528.462288428,380.79390313400006,4296.028706660667
2024-07-01,81.8,85.15,313.569,13212.0,427672.0,92.4,375433.0,-2853.0,123.38243636363636,11.0,70.5,92.3948745727539,26.38,0.0,,,,4626.147747807419,1769.9076937416128,1326.508552277097,1827.5767297635484,524.3571120483871,382.4809113348387,4407.379634329354
2024-08-01,76.68,80.36,314.062,13411.0,417661.0,94.0,379656.0,-2341.0,122.61374090909091,11.0,66.39,140.97506713867188,33.777727272727276,0.0,,,,4680.321678440323,1862.5042475906453,1376.0554146180646,1764.7806870032257,533.6867263522581,409.4228052270968,4447.766707236451
2024-09-01,70.24,74.02,314.732,13171.0,415151.0,90.4,382930.0,-2659.0,121.88485499999999,11.0,60.75,130.35877990722656,36.385,0.0,,,,4437.654471487666,1722.79153862,1205.576688434,1696.6471047136667,526.3080285030001,377.875431294,4214.744234068666
2024-10-01,71.99,75.63,315.631,13530.0,423765.0,89.7,387218.0,-2487.0,123.5952909090909,11.0,61.95,130.689208984375,47.83652173913043,0.0,,,,4746.984331173871,1752.505412648387,1251.0403684406451,1921.1703199461288,544.7571977464515,420.5882324625807,4546.13243713516
2024-11-01,69.95,74.35,316.528,13396.0,421225.0,91.6,391800.0,-2289.0,126.31133684210526,11.0,59.89,128.90164184570312,38.4195,0.0,,,,4807.43386901,1837.665483555,1370.5718229953334,1927.3843816966669,557.0746341180001,433.546539604,4600.019417167334
2024-12-01,70.12,73.86,317.604,13437.0,413380.0,93.0,393568.0,-2805.0,127.57578095238097,11.0,59.370000000000005,142.36643981933594,31.35142857142857,0.0,,,,4911.209241302904,1871.0015780035485,1421.3637566074194,1954.1041709003227,557.7921188316128,424.1387287590323,4665.170540635807
2025-01-01,75.74,79.27,318.961,13140.0,418782.0,86.9,395064.0,-2718.0,128.83695238095237,11.0,63.93000000000001,113.233154296875,32.418,0.0,,,,4840.3529084761285,1814.5036640241935,1428.7135010409677,1954.524776581936,549.97469659,415.73757157,4601.727256136774
2025-02-01,71.53,75.44,319.679,13240.0,429786.0,84.9,395313.0,-1751.0,127.87583157894737,11.0,62.05,136.9805908203125,31.720526315789478,0.0,,,,4612.215912859643,1656.6108317082144,1344.9617533757144,1928.7720335885715,550.4929320067857,397.5481149582142,4425.535250603928
2025-03-01,68.24,72.73,319.785,13453.0,431688.0,89.0,396710.0,-1713.0,126.24304285714285,11.0,58.97,174.1120147705078,32.18666666666667,-0.525,,,,4879.880103487097,1788.4955025712904,1368.0693848890323,1962.7843115974197,570.2315369377419,416.1512787503226,4620.411846881612
2025-04-01,63.54,68.13,320.302,13466.0,435065.0,90.8,399121.0,-2150.0,124.14020000000001,11.0,54.379999999999995,140.97369384765625,44.22428571428571,-1.9600000000000002,,,,4671.382762786,1635.8395278973333,1184.124662448,1910.2412948813333,573.4226889493334,415.7736331473334,4419.881145710333
2025-05-01,62.17,64.45,320.62,13447.0,430527.0,94.3,402059.0,-2630.0,122.3421619047619,11.0,52.26,166.0472412109375,40.77142857142857,-1.9,,,,4250.617076522581,1343.0404048251612,933.4443254774192,1797.3720476580645,559.5524540432258,407.9696562200001,3991.308094138065
2025-06-01,68.17,71.44,321.435,13610.0,413906.0,95.6,403003.0,-2403.0,120.59387,11.0,57.099999999999994,221.13490295410156,46.347,-1.75,,,,4675.017643985,1771.3379694826667,1194.731588371667,1835.8378744293332,554.3161331123333,385.530130064,4449.507828093
2025-07-01,68.39,71.04,322.169,13707.0,420186.0,95.8,402976.0,-2808.0,120.11269090909092,11.0,58.3,134.2220001220703,35.10272727272727,-1.6,,,,4935.476342768387,1894.288483594516,1362.4416281158062,1974.60408197,556.9669363390323,417.0531563454839,4705.582164091615
2025-08-01,64.86,67.87,323.291,13810.0,417294.0,95.4,404941.0,-2258.0,120.57584285714286,11.0,55.730000000000004,138.56211853027344,33.85809523809524,-1.65,,,,4873.924262108388,1838.6514619967743,1359.035594552258,1961.5697695761291,557.4419184425807,427.0269689316129,4616.133152904838
2025-09-01,63.96,67.99,324.245,13828.0,407853.0,93.2,406983.0,-2063.0,120.0290619047619,11.0,54.650000000000006,125.86952209472656,33.54190476190476,-1.5,,,,4837.064744599333,1861.488767911,1308.414452953,1927.821104171,552.6493334623333,430.7429616266666,4595.467481670334
2025-10-01,60.89,64.54,,13864.0,420994.0,88.1,409594.0,-1486.0,120.7618,11.0,51.4,154.51292419433594,36.372173913043476,-1.25,,,,4806.254428186451,1729.291550012258,1358.6669305274193,1972.345228591613,561.5639758606452,431.8453691858064,4532.656417761613
2025-11-01,60.06,63.8,325.063,13789.0,420564.0,93.4,411922.0,-1892.0,121.41771666666666,11.0,50.21,104.33865356445312,34.20789473684211,-0.775,,,,5044.102436823,1905.8788923256668,1478.526138289,2015.077122377,578.0165565130001,458.9399701963334,4797.805637522333
2025-12-01,57.97,62.54,326.031,13657.0,411237.0,95.7,413464.0,-2264.0,120.18832272727272,11.0,48.09,130.9558563232422,32.87909090909091,-0.6599999999999999,,,,5048.432402896129,1960.0068532396772,1393.310798213226,1993.2927306567744,559.6883950980646,458.6541625825806,4796.610526279677
2026-01-01,60.04,66.6,326.588,13237.0,406144.0,91.4,415212.0,-2547.0,119.22981,11.0,49.6,168.62986755371094,42.089999999999996,0.0,,,,4881.756090043871,1769.96511362,1327.246083223871,2010.43083973,563.0824577329033,458.1603110490322,4601.523344554516
2026-02-01,64.51,70.89,327.46,13626.0,434907.0,89.0,415442.0,-2112.0,117.90602105263157,11.0,52.51,120.74515533447266,52.62315789473684,0.0,,,,4864.776943599643,1671.5583405371426,1298.0943573410714,2023.501514182143,572.0937119992857,445.67706717,4552.192705301785
2026-03-01,91.38,103.13,330.293,,,,,,119.91985454545456,11.0,74.86,326.9891052246094,95.3459090909091,0.0,,,,,,,,,,
2026-04-01,100.32,117.29,332.407,,,,,,119.03631818181817,11.0,,230.770751953125,79.95190476190476,0.0,,,,,,,,,,
2026-05-01,,,,,,,,,118.33145,11.0,,,73.55090909090909,0.0,,,,,,,,,,
